{"version":"1.0.0","algorithm":"bm25","params":{"k1":1.5,"b":0.75},"totalDocs":1,"avgFieldLengths":{"name":2,"description":8,"tags":3},"idf":{"kn":0.28768207245178085,"service":0.28768207245178085,"knative":0.28768207245178085,"client":0.28768207245178085,"cli":0.28768207245178085,"command":0.28768207245178085,"reference":0.28768207245178085,"managing":0.28768207245178085,"services":0.28768207245178085},"documents":[{"id":"knative/kn-service","tokens":{"name":["kn","service"],"description":["knative","client","cli","command","reference","managing","knative","services"],"tags":["cli","knative","service"]}}]}